"seq","strain"
"AAARIRHEGVFLLIGNSCFSLPRNGPQLLLLAW","Mycobacterium tuberculosis H37Rv,Mycobacterium tuberculosis H37Rv"
"AA-(Dhb)-N-(Dhb)-FALADYWGNNGAWA-(Abu)-L-(Abu)-HEAMAWAK","Mycobacterium tuberculosis H37Ra,Mycobacterium avium,Mycobacterium Kansaii"
"AAPEPVARR ","Mycobacterium tuberculosis Rv2958 "
"AASAAIANR ","Mycobacterium tuberculosis Rv0447"
"ACVNQCPDAIDRFIVKDKGCHGVEKKYYKQVYVACMNGQHLYCRTEWGGPCQL","Mycobacterium smegmatis MC2 155"
"ACYCRIPACIAGERRYGTCIYQGRLWAFCC","Mycobacterium tuberculosis H37Rv (ATCC 25618),Mycobacterium tuberculosis E1380/94 MDR (Isoniazid, rifampicin, streptomycin, ethambutol) strain,Mycobacterium tuberculosis H37Rv ,Mycobacterium tuberculosis H37Rv ,36 Clinical isolates of Mycobacterium tuberculosis,Mycobacterium bovis BCG,Mycobacterium bovis BCG,Mycobacterium tuberculosis H37 Ra,Mycobacterium tuberculosis H37Rv,Mycobacterium tuberculosis H37Rv,Mycobacterium tuberculosis H37Rv,Mycobacterium tuberculosis Ra 7632G,Mycobacterium tuberculosis Ra 9034G,Mycobacterium tuberculosis Ra 11170G,Mycobacterium avium- mycobacterium intracellularae strain 25291,Mycobacterium avium- mycobacterium intracellularae strain 25291,Mycobacterium avium- mycobacterium intracellularae strain 25291,Mycobacterium avium- mycobacterium intracellularae strain SJB,Mycobacterium avium- mycobacterium intracellularae strain 292524,Mycobacterium avium- mycobacterium intracellularae strain 475049"
"AGYLLGKINLKALAALAKKIL","Mycobacterium tuberculosis H37Rv (ATCC 27294),Mycobacterium smegmatis"
"Ahx-F-Tic-Oic-Ahx-K-Tic-Oic-Ahx-F-Tic-Oic-Ahx-K-Tic-KKKK","Mycobacterium ranae,Mycobacterium ranae (ATCC 110)"
"AK-(boroMet)","Mycobacterium tuberculosis H37Rv "
"AK-(boroMet) ","Mycobacterium tuberculosis H37Rv "
"Ala(1-naphtyl)-K-boroLeu ","Mycobacterium tuberculosis H37Rv ,Mycobacterium smegmatis strain constitutively expressing GFP-ssrA "
"ALADLPVTV ","Mycobacterium tuberculosis Rv2958 "
"ALlVNx","Mycobacterium tuberculosis H37Rv"
"AMASTEGNV ","Mycobacterium tuberculosis Rv,Mycobacterium tuberculosis Rv"
"AMEDLVRAY ","Mycobacterium tuberculosis Rv"
"AMLGHAGDM ","Mycobacterium tuberculosis Rv"
"ANNTRLWVY ","Mycobacterium tuberculosis Rv"
"ANTMAMMAR ","Mycobacterium tuberculosis Rv"
"APKGVQGPNG","Mycobacterium smegmatis ATCC 9341"
"ATCDLLSGTGINHSACAAHCLLRGNRGGYCNGKAVCVCRN","Mycobacterium smegmatis ATCC607"
"ATLHLVLRLRGG","Mycobacterium smegmatis mc2157"
"ATYYGNGLYCNKQKHYTWVDWNKASREIGKITVNGWVQH","Mycobacterium tuberculosis strain H37Rv "
"AVAGEKLWLLPHLLKMLLTPTP","Mycobacterium abscessus subsp. massiliense isolates GO 01, GO 06, GO 07, GO 08, GO 13, and GO 18, CRM0020 (Mycobacterium abscessus subsp. massiliense), and ATCC19977 (Mycobacterium abscessus subsp. abscessus),Mycobacterium abscessus subsp. massiliense isolates GO 01, GO 06, GO 07, GO 08, GO 13, and GO 18, CRM0020 (Mycobacterium abscessus subsp. massiliense), and ATCC19977 (Mycobacterium abscessus subsp. abscessus)"
"AVALGLASPADAAAGTMYGD","Mycobacterium tuberculosis H37Rv "
"AVKAA-BO2(PD) ","Mycobacterium thermoresistible ,Mycobacterium smegmatis ,Mycobacterium tuberculosis "
"AVKAA-B(OH)2 ","Mycobacterium thermoresistible ,Mycobacterium smegmatis ,Mycobacterium tuberculosis "
"AYQGVQQKW","Mycobacterium tuberculosis"
"AYQGVQQKW ","Mycobacterium tuberculosis Rv"
"Biotin-GF-Tic-Oic-GK-Tic-Oic-GF-Tic-Oic-GK-Tic-KKKK","Mycobacterium ranae"
"CLLKKLLKK","Mycobacterium smegmatis (ATCC No. 14468) ,Mycobacterium smegmatis resistant agianst rifampicin,Mycobacterium bovis BCG lux ,Mycobacterium tuberculosis H37Rv ,Mycobacterium tuberculosis CSU87 reistant to rifampicin, isoniazid, ethambutol, streptomycin and kanamycin"
"CLLKKLLKKC","Mycobacterium smegmatis (ATCC No. 14468) ,Mycobacterium smegmatis ATCC14468,Mycobacterium smegmatis ATCC14468"
"CNGKRVCVCR ","Mycobacterium smegmatis ATCC 614"
"DAACAAHCLFR ","Mycobacterium smegmatis ATCC 608,Mycobacterium smegmatis ATCC 609"
"DCYCRIPACIAGERRYGTCIYQGRLWAFCC","Mycobacterium tuberculosis H37Rv,Mycobacterium tuberculosis H37Rv,Mycobacterium tuberculosis H37Rv,Mycobacterium avium- mycobacterium intracellularae strain 25291"
"DEPDAERFEAAVEADHI","Mycobacterium tuberculosis (strain H37Rv) "
"DHYNCVSSGGQCLYSACPIFTKIQGTCYRGKAKCCK","Mycobacterium tuberculosis H37Rv,Mycobacterium tuberculosis H37Rv,Mycobacterium tuberculosis H37Rv,Mycobacterium tuberculosis H37Rv,Mycobacterium tuberculosis H37Rv,Mycobacterium tuberculosis H37Rv,Mycobacterium tuberculosis H37Rv,Mycobacterium tuberculosis H37Rv,Mycobacterium tuberculosis H37Rv,Mycobacterium tuberculosis H37Rv,Mycobacterium tuberculosis RM22,Mycobacterium tuberculosis RM22,Mycobacterium tuberculosis RM22,Mycobacterium tuberculosis RM22,Mycobacterium tuberculosis RM22,Mycobacterium tuberculosis RM22,Mycobacterium tuberculosis RM22,Mycobacterium tuberculosis RM22,Mycobacterium tuberculosis RM22,Mycobacterium tuberculosis RM22,Mycobacterium tuberculosis H37Rv,Mycobacterium tuberculosis RM22"
"DTHFPICIFCCGCCHRSKCGMCCKT","Mycobacterium H37Rv,Mycobacterium tuberculosis H37Rv"
"ECYRKSDIVTCEPWQKFCYREVTFFPNHPVYLSGCASECTETNSKWCCTTDKCNRARGG","Mycobacterium tuberculosis H37Rv ATCC25618 (resistant to INH) DR-i,Mycobacterium tuberculosis H37Rv ATCC25618 (resistant to INH+Rif) DR-ir,Mycobacterium tuberculosis H37Rv ATCC25618 (resistant to INH+Streptomycin) DR-is,Mycobacterium tuberculosis H37Rv ATCC25618 (resistant to INH+Streptomycin) DR-is,Mycobacterium tuberculosis H37Rv ATCC25618 (resistant to INH+Rif+Streptomycin) DR-irs,Mycobacterium tuberculosis H37Rv ATCC25618 (resistant to INH+Rif+Streptomycin+ehambutol) DR-irse"
"EFAGAGFVRAGAL","Mycobacterium tuberculosis H37Rv ATCC 27294"
"ELAAIRHR","Mycobacterium tuberculosis (strain H37Rv) "
"ELNNALQNL ","Mycobacterium tuberculosis Rv"
"ELNNALQNLART","Mycobacterium tuberculosis"
"ESTYQGHHTPPVQKGLRYGIILFITSEVFFFAGFF","Mycobacterium tuberculosis H37Rv"
"EVEPSDTIENVKAKIQ","Mycobacterium smegmatis mc2170"
"FFIYVWRRR","Mycobacterium tuberculosis H37Rv, and the Mycobacterium tuberculosis lux strain ,Mycobacterium smegmatis mc26 "
"FFLLSLIPSAISAIKKI","Mycobacterium tuberculosis H37Rv,Mycobacterium tuberculosis MDR"
"FIKWKFRWWKWRK","Mycobacterium tuberculosis H37Rv, and the Mycobacterium tuberculosis lux strain ,Mycobacterium smegmatis mc26 "
"FISQIISTAI","Mycobacterium tuberculosis H37Rv"
"FIYAGSLSA ","Mycobacterium tuberculosis Rv"
"FKCKKWQWKMKKLG","Mycobacterium avium strain 2447 smooth transparent variant (SmT),Mycobacterium avium strain 2447 smooth transparent variant (SmT),Mycobacterium avium,Mycobacterium avium"
"fkcrrwqwrmkklg","Mycobacterium avium strain 2447 smooth transparent variant (SmT),Mycobacterium avium strain 2447 smooth transparent variant (SmT)"
"FKCRRWQWRMKKLG","Mycobacterium avium strain 2447 smooth transparent variant (SmT),Mycobacterium avium strain 2447 smooth transparent variant (SmT),Mycobacterium avium strain 2-151 smooth transparent variant (SmT),Mycobacterium avium strain 2-151 smooth transparent variant (SmT),Mycobacterium avium strain 2-151 smooth doomed variant (SmD),Mycobacterium avium strain 2-151 smooth doomed variant (SmD),Mycobacterium tuberculosis H37Rv,Mycobacterium avium 2447 smT,Mycobacterium avium 2447 smT,Mycobacterium avium 2-151 smT,Mycobacterium avium 2-151 smT,Mycobacterium avium 2-151 smD,Mycobacterium avium 2-151 smD,Mycobacterium avium,Mycobacterium avium"
"FLTSELPQW ","Mycobacterium tuberculosis Rv"
"FRCRRWQWRMRRLG","Mycobacterium avium strain 2447 smooth transparent variant (SmT),Mycobacterium avium strain 2447 smooth transparent variant (SmT),Mycobacterium avium,Mycobacterium avium"
"F-Tic-Oic-K-Tic-Oic-F-Tic-Oic-K-Tic-KKKK","Mycobacterium ranae,Mycobacterium ranae (ATCC 110)"
"F-Tic-Oic-K-Tic-Oic-F-Tic-Oic-K-Tic-KKKKKK","Mycobacterium ranae,Mycobacterium ranae (ATCC 110)"
"FVYGNGVTSILVQAQFLVNGQRRFFYTPDK","Mycobacterium tuberculosis strain H37Rv "
"FWGALAKGALKLIGPGSLFSSFSKKD","Mycobacterium tuberculosis H37Rv ,Mycobacterium tuberculosis muti-drug resistant strain (MDR) clinical isolate"
"FWGALAKGALKLIGSLFSSFSKKD","Mycobacterium tuberculosis H37Rv ,Mycobacterium tuberculosis muti-drug resistant strain (MDR) clinical isolate"
"FWGALAKGALKLIPSLFSSFSKKD","Mycobacterium tuberculosis H37Rv ,Mycobacterium tuberculosis muti-drug resistant strain (MDR) clinical isolate"
"FWGFLGKLAMKAVPSLIGGNKK","Mycobacterium tuberculosis H37Rv,Mycobacterium tuberculosis MDR"
"FWGFLGKLAMKAVPSLIGGNKSSSK","Mycobacterium tuberculosis H37Rv,Mycobacterium tuberculosis MDR"
"FWGLKGLKGPGKFSKKL","Mycobacterium tuberculosis H37Rv ,Mycobacterium tuberculosis muti-drug resistant strain (MDR) clinical isolate"
"FWGLKGLKKFSKKL","Mycobacterium tuberculosis H37Rv ,Mycobacterium tuberculosis muti-drug resistant strain (MDR) clinical isolate"
"Gaba-F-Tic-Oic-Gaba-K-Tic-Oic-Gaba-F-Tic-Oic-Gaba-K-Tic-KKKK","Mycobacterium ranae"
"GABA-F-Tic-Oic-GABA-K-Tic-Oic-GABA-F-Tic-Oic-GABA-K-Tic-KKKK","Mycobacterium ranae (ATCC 110)"
"Gaba-F-Tic-Oic-Gaba-K-Tic-Oic-Gaba-F-Tic-Oic-Gaba-K-Tic-KKKKK","Mycobacterium ranae"
"GABA-F-Tic-Oic-GABA-K-Tic-Oic-GABA-F-Tic-Oic-GABA-K-Tic-KKKKK","Mycobacterium ranae (ATCC 110)"
"G-Cph-Tic-Oic-GK-Tic-Oic-G-Cph-Tic-Oic-GK-Tic-KKKK","Mycobacterium ranae"
"G-dF-Tic-Oic-GK-Tic-Oic-G-dF-Tic-Oic-GK-Tic-KKKK","Mycobacterium ranae"
"GF(A5c)G(A5c)K(A5c)G(A5c)F(A5c)G(A5c)GK(A5c)KKKK","Mycobacterium tuberculosis H37Rv,Mycobacterium tuberculosis MDR,Mycobacterium tuberculosis XDR"
"GF(A5c)G(A5c)R(A5c)G(A5c)F(A5c)G(A5c)GR(A5c)RRRR","Mycobacterium tuberculosis H37Rv,Mycobacterium tuberculosis MDR,Mycobacterium tuberculosis XDR"
"GF(A5c)G(A6c)K(A5c)G(A6c)F(A5c)G(A6c)GK(A5c)KKKK","Mycobacterium tuberculosis H37Rv,Mycobacterium tuberculosis MDR,Mycobacterium tuberculosis XDR"
"GF(A6c)G(A6c)Dab(A6c)G(A6c)F(A6c)G(A6c)GDab(A6c)Dab-Dab-Dab-Dab","Mycobacterium tuberculosis H37Rv,Mycobacterium tuberculosis MDR,Mycobacterium tuberculosis XDR"
"GF(A6c)G(A6c)Dpr(A6c)G(A6c)F(A6c)G(A6c)GDpr(A6c) Dpr-Dpr-Dpr- Dpr","Mycobacterium tuberculosis H37Rv,Mycobacterium tuberculosis MDR,Mycobacterium tuberculosis XDR"
"GF(A6c)G(A6c)KK(A6c)G(A6c)F(A6c)G(A6c)GKK(A6c)KKKK","Mycobacterium tuberculosis H37Rv,Mycobacterium tuberculosis MDR,Mycobacterium tuberculosis XDR"
"GF(A6c)G(A6c)Orn(A6c)G(A6c)F(A6c)G(A6c)GOrn(A6c)Orn-Orn- Orn- Orn","Mycobacterium tuberculosis H37Rv,Mycobacterium tuberculosis MDR,Mycobacterium tuberculosis XDR"
"GF(A6c)G(A6c)R(A6c)G(A6c)F(A6c)G(A6c)GR(A6c)RRRR","Mycobacterium tuberculosis H37Rv,Mycobacterium tuberculosis MDR,Mycobacterium tuberculosis XDR"
"GF(A6c)G(Oic)K(A6c)G(Oic)F(A6c)G(Oic)GK(Oic)KKKK","Mycobacterium tuberculosis H37Rv,Mycobacterium tuberculosis MDR,Mycobacterium tuberculosis XDR"
"GF(A6c)G(Tic)K(A6c)G(Tic)F(A6c)G(Tic)GK(Tic)KKKK","Mycobacterium tuberculosis H37Rv,Mycobacterium tuberculosis MDR,Mycobacterium tuberculosis XDR"
"GF-F-Oic-GK-F-Oic-GF-F-Oic-GK-F-KKKK","Mycobacterium ranae,Mycobacterium ranae (ATCC 110)"
"GFGCPFNARRCHRHCRSIRRRAGYCAGRLRLTCTCVR","Mycobacterium bovis,Mycobacterium bovis"
"GFGCPLNQGACHRHCRSIRRRGGYCSGIIKQTCY","Mycobacterium bovis,Mycobacterium bovis"
"GFGCPNDYSCSNHCRDSIGCRGGYCKYQLICTCYGCKKRRSIQE","Mycobacterium fortuitum"
"GF-G-Oic-GK-G-Oic-GF-G-Oic-GK-G-KKKK","Mycobacterium ranae,Mycobacterium ranae (ATCC 110)"
"GF-Oic-GK-Oic-GF-Oic-GKKKKK","Mycobacterium ranae,Mycobacterium ranae (ATCC 110)"
"GF-Oic-Tic-GK-Oic-Tic-GF-Oic-Tic-GK-Tic-KKKK","Mycobacterium ranae"
"G-Fpa-Tic-Oic-GK-Tic-Oic-G-Fpa-Tic-Oic-GK-Tic-KKKK","Mycobacterium ranae,Mycobacterium ranae (ATCC 110)"
"GF-Tic-G-GK-Tic-G-GF-Tic-G-GK-Tic-KKKK","Mycobacterium ranae,Mycobacterium ranae (ATCC 110)"
"GF-Tic-GK-Tic-GF-Tic-GK-Tic-KKKK","Mycobacterium ranae,Mycobacterium ranae (ATCC 110)"
"GF-Tic-Oic-G-Dab-Tic-Oic-GF-Tic-Oic-G-Dab-Tic-Dab-Dab-Dab-Dab","Mycobacterium ranae"
"GF-Tic-Oic-G-dK-Tic-Oic-GF-Tic-Oic-G-dK-Tic-KKKK","Mycobacterium ranae"
"GF-Tic-Oic-G-Dpr-Tic-Oic-GF-Tic-Oic-G-Dpr-Tic-Dpr-Dpr-Dpr-Dpr","Mycobacterium ranae,Mycobacterium ranae (ATCC 110)"
"GF-Tic-Oic-GK-Tic-Oic-GF-Tic-Oic-GK-Tic-Ahx-KKKK","Mycobacterium ranae"
"GF-Tic-Oic-GK-Tic-Oic-GF-Tic-Oic-GK-Tic-Gaba-KKKK","Mycobacterium ranae"
"G-f-Tic-Oic-GK-Tic-Oic-G-f-Tic-Oic-GK-Tic-KKKK","Mycobacterium ranae (ATCC 110)"
"GF-Tic-Oic-G-k-Tic-Oic-GF-Tic-Oic-G-k-Tic-KKKK","Mycobacterium ranae (ATCC 110)"
"GF-Tic-Oic-GK-Tic-Oic-GF-Tic-Oic-GK-Tic-KKKK","Mycobacterium ranae,Mycobacterium ranae,Mycobacterium ranae,Mycobacterium ranae (ATCC 110),Mycobacterium ranae (ATCC 110),Mycobacterium ranae (ATCC 110),Mycobacterium ranae (ATCC 110),Mycobacterium ranae (ATCC 110)"
"GF-Tic-Oic-GK-Tic-Oic-GF-Tic-Oic-GK-Tic-KKKKK","Mycobacterium ranae,Mycobacterium ranae (ATCC 110)"
"GF-Tic-Oic-GK-Tic-Oic-GF-Tic-Oic-GK-Tic-Orn-Orn-Orn-Orn","Mycobacterium ranae,Mycobacterium ranae (ATCC 110)"
"GF-Tic-Oic-GK-Tic-Oic-GF-Tic-Oic-GK-Tic-Î²Ala-KKKK","Mycobacterium ranae"
"GF-Tic-Oic-G-Orn-Tic-Oic-GF-Tic-Oic-G-Orn-Tic-Orn-Orn-Orn-Orn","Mycobacterium ranae,Mycobacterium ranae (ATCC 110)"
"GF-Tic-Oic-GW-Tic-Oic-GF-Tic-Oic-GW-Tic-KKKK","Mycobacterium ranae"
"GF-Tic-Tic-GK-Tic-Tic-GF-Tic-Tic-GK-Tic-KKKK","Mycobacterium ranae"
"G-GF-Tic-Oic-GK-Tic-Oic-GF-Tic-Oic-GK-Tic-KKKK","Mycobacterium ranae"
"GIGAVLKVLTTGLPALISWIKRKRQQ","Mycobacterium tuberculosis H37Rv (ATCC 27294)"
"GIGKFLHSAKKFGKAFVGEIMNS","Mycobacterium tuberculosis H37Rv (ATCC 27294)"
"GIGKFLKSKGKFGKA","Mycobacterium tuberculosis H37Rv"
"GKKKKSVQWCA","Mycobacterium avium strain 2447 smooth transparent variant (SmT),Mycobacterium avium"
"G-KL-Tic-Oic-GK-Tic-Oic-GF-Tic-Oic-GK-Tic-KKKK","Mycobacterium ranae"
"GLLKFIKKLL","Mycobacterium smegmatis mc2 158,Mycobacterium smegmatis mc2 161,Mycobacterium smegmatis mc2 162,Mycobacterium smegmatis mc2 163"
"GLLKRIKTLL","Mycobacterium smegmatis mc2 155,Mycobacterium smegmatis mc2 156,Mycobacterium smegmatis mc2 157"
"GLLRKGGEKIGEKLKKIGQKIKNFFQKLVPQPEQ","Mycobacterium tuberculosis strain H37Rv"
"GLRRLFADQLVGRRN","Mycobacterium tuberculosis H37Rv,Mycobacterium tuberculosis MDR,Mycobacterium tuberculosis XDR"
"GLRRLFADQLVGRRNI-CO2CH3","Mycobacterium tuberculosis H37Rv,Mycobacterium tuberculosis susceptible 186 clinical isolate,Mycobacterium tuberculosis susceptible 83 clinical isolate,Mycobacterium tuberculosis resistant to INH, STR (84),Mycobacterium tuberculosis resistant to INH, RIF (85),Mycobacterium tuberculosis resistant to INH, RIF (7),Mycobacterium tuberculosis resistant to INH, RIF, STR (86),Mycobacterium tuberculosis resistant to INH, RIF, STR, FQ (136),Mycobacterium tuberculosis resistant to INH, RIF, STR, FQ (133),Mycobacterium tuberculosis resistant to INH, RIF, STR, FQ (189),Mycobacterium tuberculosis resistant to INH, RIF, EMB, FQ (3),Mycobacterium tuberculosis resistant to INH, RIF, EMB, PZA, FQ (30),Mycobacterium tuberculosis resistant to INH, RIF, EMB, PZA, FQ (181),Mycobacterium tuberculosis resistant to INH, RIF, STR, EMB, PZA, FQ (183),Mycobacterium tuberculosis resistant to INH, RIF, STR, EMB, PZA, FQ (188),Mycobacterium tuberculosis mc26020,Mycobacterium avium subsp. Paratuberculosis ,Mycobacterium smegmatis "
"GNNKPVYIPRPRPPHPRLV","Mycobacterium vaccae"
"GNNRPVYIPO-4tHyp-RPPHPRL","Mycobacterium vaccae"
"GNNRPVYIPOPRPPHPRI","Mycobacterium vaccae"
"GNNRPVYIPQPRPPHPRI","Mycobacterium vaccae"
"GNNRPVYIPR-41HyP-RPPHPRL","Mycobacterium vaccae"
"GNNRPVYIPR-4tHyp-RPPHPRI","Mycobacterium vaccae"
"GNNRPVYIPRPRPPHPRL","Mycobacterium vaccae,Mycobacterium vaccae"
"G-Nph-Tic-Oic-GK-Tic-Oic-G-Nph-Tic-Oic-GK-Tic-KKKK","Mycobacterium ranae,Mycobacterium ranae (ATCC 110)"
"GRDYRTSLTIVQKLKKMVDKPTQRSVSNAATRVSR","Mycobacterium tuberculosis,Mycobacterium tuberculosis"
"GRRRRSVQWCA","Mycobacterium avium strain 2447 smooth transparent variant (SmT),Mycobacterium avium strain 2447 smooth transparent variant (SmT),Mycobacterium avium strain 2-151 smooth transparent variant (SmT),Mycobacterium avium strain 2-151 smooth transparent variant (SmT),Mycobacterium avium strain 2-151 smooth doomed variant (SmD),Mycobacterium avium strain 2-151 smooth doomed variant (SmD),Mycobacterium avium 2447 smT,Mycobacterium avium 2447 smT,Mycobacterium avium 2-151 smT,Mycobacterium avium 2-151 smT,Mycobacterium avium 2-151 smD,Mycobacterium avium 2-151 smD"
"GSQLVYRWVGHSNVIKGP","Mycobacterium tuberculosis Rv,Mycobacterium smegmatis ATCC607,Mycobacterium smegmatis ATCC607"
"G-Tic-Oic-K-Tic-Oic-G-Tic-Oic-K-Tic-KKKK","Mycobacterium ranae,Mycobacterium ranae (ATCC 110)"
"GVENVSW","Mycobacterium tuberculosis"
"GWGSFFKKAAHVGKHVGKAALTHYL ","Mycobacterium smegmatis,Mycobacterium smegmatis"
"GWLKKIGKKIERVGQHTRDATIQGLGIAQQAANVAATARG","Mycobacterium smegmatis ATCC607"
"GYPWWDYRDLFGGHTFI","Mycobacterium phlei IFO 3158"
"GYPWWDYRDLFGGHTFISP","Mycobacterium smegmatis M341"
"H2N-CH-CH-CH-CH-R1-CH-NH2-Ch-CO-Nh-C-CO-NH-CH2OH-CO-NH-CH(CH2OH)-CO-NH-R2-CO-R3-HN-CH","Mycobacterium tuberculosis 607,Mycobacterium tuberculosis 607,Mycobacterium tuberculosis 607,Mycobacterium tuberculosis 607,Mycobacterium tuberculosis 607,Mycobacterium tuberculosis 607,Mycobacterium tuberculosis 607"
"HAMSSTHEA ","Mycobacterium tuberculosis Rv0447"
"H-(Hyp)-LLPPVPLFG","Mycobacterium tuberculosis H37Rv,Mycobacterium tuberculosis H37Rv,NA,NA,NA,NA"
"HK-(boroMet)","Mycobacterium tuberculosis H37Rv "
"H-(NLys-Nspe-Nspe)2-NLys-Nspe-L-Pro-NLys-Nspe-Nspe-NH2 ","Mycobacterium tuberculosis H37Rv,Mycobacterium bovis BCG"
"H-(NLys-Nspe-Nspe)3-NLys-Nspe-NH2 ","Mycobacterium tuberculosis H37Rv,Mycobacterium bovis BCG"
"H-(NLys-Nspe-Nspe)4-NH2 ","Mycobacterium tuberculosis H37Rv,Mycobacterium bovis BCG"
"H-NLys-Nspe-Nspe-NLys-NH2","Mycobacterium tuberculosis H37Rv,Mycobacterium bovis BCG"
"H-(NLys-Nssb-Nssb)4-NH2 ","Mycobacterium tuberculosis H37Rv,Mycobacterium bovis BCG"
"H-Ntridec-Nlys-Nspe-Nspe-Nlys_NH2","Mycobacterium tuberculosis H37Rv"
"H-Ntridec-NLys-Nspe-Nspe-NLys-NH2","Mycobacterium tuberculosis H37Rv,Mycobacterium bovis BCG"
"HQFRFRFRVRRK","Mycobacterium tuberculosis H37Rv, and the Mycobacterium tuberculosis lux strain ,Mycobacterium smegmatis mc26 "
"I-(Dhb)-AI-(Dha)-LA-(Abu)-PGAK-(Abu)-GALMGANMK-(Abu)-A-(Abu)-ANASIHV-(Dha)-K","Mycobacterium smegmatis mc2155 ,Mycobacterium tuberculosis H37Ra ,Mycobacterium kansasii CIT11/06 ,Mycobacterium avium subsp. Hominissuis (CIT05/03),Mycobacterium avium paratuberculosis (ATCC 19698) "
"I-(Dhb)-AI-(Dha)-LA-(Abu)-PGAK-(Abu)-GALMGANMS-(Abu)-A-(Abu)-ANASIHV-(Dha)-K","Mycobacterium smegmatis MC2155 ,Mycobacterium tuberculosis H37Ra ,Mycobacterium kansasii CIT11/06 ,Mycobacterium avium subsp. Hominissuis (CIT05/03),Mycobacterium avium paratuberculosis (ATCC 19698) "
"I-(Dhb)-AI-(Dha)-LA-(Abu)-PGAK-(Abu)-GALMGANMT-(Abu)-A-(Abu)-ANASIHV-(Dha)-K","Mycobacterium smegmatis MC2155 ,Mycobacterium tuberculosis H37Ra ,Mycobacterium kansasii CIT11/06 ,Mycobacterium avium subsp. Hominissuis (CIT05/03),Mycobacterium avium paratuberculosis (ATCC 19698) "
"I-(Dhb)-AI-(Dha)-LA-(Abu)-PGAK-(Abu)-GALMGANVK-(Abu)-A-(Abu)-ANASIHV-(Dha)-K","Mycobacterium smegmatis MC2155 ,Mycobacterium tuberculosis H37Ra ,Mycobacterium kansasii CIT11/06 ,Mycobacterium avium subsp. Hominissuis (CIT05/03),Mycobacterium avium paratuberculosis (ATCC 19698) "
"I-(Dhb)-A-I-D-L-A-(Dha)-P-G-A-K-(Abu)-G-A-L-M-G-A-N-M-K-(Abu)-A-(Abu)-A-N-S-I-H-V-(Dha)-L","Mycobacterium tuberculosis H37Rv"
"IFSAIAGLLSNLL","Mycobacterium abscessus subsp. Massiliene GO01,Mycobacterium abscessus subsp. Massiliene GO06,Mycobacterium abscessus subsp. Massiliene GO08"
"I-(Hyp)-VILPPLPIFG","Mycobacterium tuberculosis H37Rv,Mycobacterium tuberculosis H37Rv,in vitro on THP1 cell line ,in vitro on THP1 cell line ,in vitro on MRC-5 cell lines ,in vitro on MRC-5 cell lines ,Mycobacterium tuberculosis H37Rv,Mycobacterium tuberculosis H37Rv,NA,NA,NA,NA"
"ILLKKLLKKI","Mycobacterium smegmatis ATCC14468,Mycobacterium smegmatis ATCC14468"
"ILPWKWRWWKWRR","Mycobacterium tuberculosis H37Rv, and the Mycobacterium tuberculosis lux strain ,Mycobacterium smegmatis mc26 "
"ILRWKWRWWRWRR","Mycobacterium tuberculosis H37Rv, and the Mycobacterium tuberculosis lux strain ,Mycobacterium smegmatis mc26 "
"ILSLRWRWKWWKK","Mycobacterium smegmatis,Mycobacterium tuberculosis mc2 6020,Mycobacterium bovis BCG pasteur strain"
"IMYNYPAML ","Mycobacterium tuberculosis Rv,Mycobacterium tuberculosis Rv0447,Mycobacterium tuberculosis Rv"
"INWLKLGKMVIDAL","Mycobacterium abscessus subsp. massiliense GO06"
"IRMRIRVLL","Mycobacterium tuberculosis H37Rv, and the Mycobacterium tuberculosis lux strain ,Mycobacterium smegmatis mc26 "
"IVLVRRWPK ","Mycobacterium tuberculosis  Rv2957"
"IYAGSLSAL ","Mycobacterium tuberculosis Rv"
"K-(boroMet) ","Mycobacterium tuberculosis H37Rv ,Mycobacterium tuberculosis H37Rv ,Mycobacterium tuberculosis H37Rv ,Mycobacterium tuberculosis H37Rv ,Mycobacterium tuberculosis H37Rv ,Mycobacterium tuberculosis H37Rv "
"KEFKRIVKRIKKFLRKL","Mycobacterium smegmatis mc2155 (ATCC 700084) ,Mycobacterium smegmatis mc2155 (ATCC 700084) ,Mycobacterium smegmatis mc2155 (ATCC 700084) ,Mycobacterium marinum (ATCC 927) "
"KEFKRIVKRIKKFLRKLV","Mycobacterium tuberculosis H37Rv"
"KEFKRIVKRIKKFLRKLV ","M. smegmatis mc2 155,M. smegmatis mc2 155,M. smegmatis mc2 155,M. smegmatis mc2 155,M. smegmatis mc2 155,M. smegmatis mc2 155"
"KEFKRIVQRIKDFLRNLV ","M. smegmatis mc2 155"
"KFKWWRMLI","Mycobacterium tuberculosis H37Rv, and the Mycobacterium tuberculosis lux strain ,Mycobacterium smegmatis mc26 "
"KILRGVCKKIMRTFLRRISKDILTGKK","Mycobacterium smegmatis mc2155 (ATCC 700084) ,Mycobacterium smegmatis mc2155 (ATCC 700084) ,Mycobacterium smegmatis mc2155 (ATCC 700084) ,Mycobacterium marinum (ATCC 927) ,Mycobacterium smegmatis mc2155,Mycobacterium bovis BCG Pasteur (ATCC35734)"
"KIWWWWRKR","Mycobacterium tuberculosis H37Rv, and the Mycobacterium tuberculosis lux strain ,Mycobacterium smegmatis mc26 "
"KKALAHALKKWLPALKKLAHALAKK","Mycobacterium tuberculosis MDR strain,Mycobacterium tuberculosis XDR strain,Mycobacterium tuberculosis XDR strain,Mycobacterium tuberculosis MDR strain GB2,Mycobacterium tuberculosis XDR strain WYC-11"
"KKKKGF(A6c)G(A6c)K(A6c)G(A6c)F(A6c)G(A6c)GK(A6c)","Mycobacterium tuberculosis H37Rv,Mycobacterium tuberculosis MDR,Mycobacterium tuberculosis XDR"
"KKKK-GF-Tic-Oic-GK-Tic-Oic-GF-Tic-Oic-GK-Tic","Mycobacterium ranae"
"KKLALALAKKWLALAKKLALALAKK","Mycobacterium tuberculosis MDR strain,Mycobacterium tuberculosis XDR strain,Mycobacterium tuberculosis XDR strain,Mycobacterium tuberculosis MDR strain GB2,Mycobacterium tuberculosis XDR strain WYC-11"
"KKLALALAKKWLPLAKKLALALAKK ","Mycobacterium tuberculosis XDR strain,Mycobacterium tuberculosis XDR strain,Mycobacterium tuberculosis MDR strain GB2,Mycobacterium tuberculosis XDR strain WYC-11,Mycobacterium tuberculosis XDR strain WYC-11"
"KKLALHALKKWLHALKKLAHLALKK","Mycobacterium tuberculosis MDR strain,Mycobacterium tuberculosis XDR strain,Mycobacterium tuberculosis XDR strain,Mycobacterium tuberculosis MDR strain GB2,Mycobacterium tuberculosis XDR strain WYC-11"
"KKLALLALKKWLLALKKLALLALKK","Mycobacterium tuberculosis susceptible strain,Mycobacterium tuberculosis MDR strain,Mycobacterium tuberculosis XDR strain,Mycobacterium tuberculosis XDR strain"
"KKLALLALKKWLPALKKLALLALKK","Mycobacterium tuberculosis MDR strain,Mycobacterium tuberculosis XDR strain,Mycobacterium tuberculosis XDR strain"
"KKLLFKLKFK","Mycobacterium smegmatis ATCC 610,Mycobacterium smegmatis ATCC 611"
"KKVVFKFKFK","Mycobacterium smegmatis ATCC 609"
"KKVVFKVKFK","Mycobacterium smegmatis ATCC 607,Mycobacterium smegmatis ATCC 607"
"KKVVPKVKFK","Mycobacterium smegmatis ATCC 612"
"KKVVVKVKFK","Mycobacterium smegmatis ATCC 608"
"KLLKFIKKLL","Mycobacterium smegmatis mc2 159"
"KL-Tic-Oic-GK-Tic-Oic-GF-Tic-Oic-GK-Tic-KKKK","Mycobacterium ranae (ATCC 110)"
"KL-Tic-Oic-K-Tic-Oic-F-Tic-Oic-K-Tic-Oic-F-Tic-Oic-K-Tic-Oic-KR","Mycobacterium ranae,Mycobacterium ranae (ATCC 110)"
"KLVANNTRL ","Mycobacterium tuberculosis Rv"
"KMHATNH","Mycobacterium tuberculosis"
"KMHATNHGGGS","Mycobacterium tuberculosis,Mycobacterium tuberculosis"
"KPKGMTSSQWFKIQHMOPSPQACNSAMKNINKHTKRCKDLNTFLHEPFSSVAATCQTPKIACKNGDKN","Mycobacterium vaccae strain (ATCC 15483) ,Mycobacterium vaccae strain (ATCC 15483) "
"KPKGMTSSQWFKIQHMQPSPQASNSAMKNINKHTKRSKDLNTFLH","Mycobacterium vaccae strain (ATCC 15483) ,Mycobacterium vaccae strain (ATCC 15483) "
"KRKKRFKWW","Mycobacterium tuberculosis H37Rv, and the Mycobacterium tuberculosis lux strain ,Mycobacterium smegmatis mc26 "
"KRLFKKLLFSLRKY","Mycobacterium tuberculosis H37Rv (ATCC 27294)"
"KRRWRIWLV","Mycobacterium tuberculosis H37Rv, and the Mycobacterium tuberculosis lux strain ,Mycobacterium smegmatis mc26 "
"KRWWKWIRW","Mycobacterium tuberculosis complex bacteria, Mycobacterium bovis bacille calmette guerin (BCG) (Mycobacterium bovis BCG Pasteur 1173P2),Mycobacterium tuberculosis complex bacteria, Mycobacterium bovis bacille calmette guerin (BCG) (Mycobacterium bovis BCG Pasteur 1173P2)"
"KRWWKWWRR","Mycobacterium tuberculosis H37Rv, and the Mycobacterium tuberculosis lux strain ,Mycobacterium smegmatis mc26 "
"KRWWRKWWR","Mycobacterium tuberculosis H37Rv, and the Mycobacterium tuberculosis lux strain ,Mycobacterium smegmatis mc26 "
"KRWWWWRFR","Mycobacterium tuberculosis H37Rv, and the Mycobacterium tuberculosis lux strain ,Mycobacterium smegmatis mc26 "
"KTCENLADTY","Mycobacterium phlei"
"KTLTGKTITLE","Mycobacterium smegmatis mc2169"
"KTYYGTNGVHCTKNSLWGKVRLKNMKYDQNTTYMGRLQDILLGWATGAFGKTH","Mycobacterium tuberculosis strain H37Rv "
"KWKLFKKIGAVLKVL","Mycobacterium tuberculosis H37Rv (ATCC 27294)"
"KWKLFKKIGIGAVLKVLTTGLPALIS","Mycobacterium vaccae strain (ATCC 15483) ,Mycobacterium vaccae strain (ATCC 15483) "
"KWKSFIKKLTSAAKKVVTTAKPLISS","Mycobacterium tuberculosis strain H37Rv"
"KWKSFLKTFKSAKKTVLHTALKAISS","Mycobacterium tuberculosis H37Rv,Mycobacterium tuberculosis H37Rv multidrug resistant strain vertulo"
"KWKSFLKTFKSAKKTVLHTLLKAISS","Mycobacterium tuberculosis H37Rv,Mycobacterium tuberculosis H37Rv multidrug resistant strain vertulo"
"KWKSFLKTFKSLKKTKLHTLLKLISS","Mycobacterium tuberculosis H37Rv,Mycobacterium tuberculosis H37Rv multidrug resistant strain vertulo,Mycobacterium tuberculosis H37Rv,Mycobacterium tuberculosis MDR-TB"
"KWKSFLKTFKSLKKTVLHTLLKAISS","Mycobacterium tuberculosis H37Rv,Mycobacterium tuberculosis H37Rv multidrug resistant strain vertulo"
"KWKSFLKTFKSLKKTVLHTLLKLISS","Mycobacterium tuberculosis H37Rv,Mycobacterium tuberculosis H37Rv multidrug resistant strain vertulo"
"KWKWWWRKI","Mycobacterium tuberculosis H37Rv, and the Mycobacterium tuberculosis lux strain ,Mycobacterium smegmatis mc26 "
"KYIAADRKI ","Mycobacterium tuberculosis Rv2958 "
"KYIFPGGLL ","Mycobacterium tuberculosis Rv"
"LKRRWKWWI","Mycobacterium tuberculosis H37Rv, and the Mycobacterium tuberculosis lux strain ,Mycobacterium smegmatis mc26 "
"LLDEGKQSL ","Mycobacterium tuberculosis Rv"
"LLGDFFRKSKEKIGKEFKRIVQRIKDFLRN","Mycobacterium tuberculosis H37Rv,Mycobacterium tuberculosis H37Rv"
"LLGDFFRKSKEKIGKEFKRIVQRIKDFLRNLVPRTES","Mycobacterium tuberculosis H37Rv,Mycobacteria smegmatis mc2 155,Mycobacterium tuberculosis strain H37Rv"
"LLGDFFRKSKEKIGKEFKRIVQRIKDFLRNLVPRTES ","M. smegmatis mc2 155,M. smegmatis mc2 155,M. smegmatis mc2 155,M. smegmatis mc2 155,Mycobacteria bovis BCG,Mycobacteria bovis BCG,Mycobacterium tuberculosis H37Rv,Mycobacterium tuberculosis H37Rv"
"LLIILRRRIRKQAHAHSK","Mycobacterium smegmatis"
"LLKKLLKK","Mycobacterium smegmatis (ATCC No. 14468) ,Mycobacterium bovis BCG lux ,Mycobacterium tuberculosis H37Rv ,Mycobacterium tuberculosis CSU87 reistant to rifampicin, isoniazid, ethambutol, streptomycin and kanamycin,Mycobacterium smegmatis ATCC14468,Mycobacterium smegmatis ATCC14468"
"LLKKLLKKC","Mycobacterium smegmatis (ATCC No. 14468) "
"LLKKLLKKM","Mycobacterium smegmatis (ATCC No. 14468) ,Mycobacterium smegmatis resistant agianst rifampicin,Mycobacterium bovis BCG lux ,Mycobacterium tuberculosis H37Rv ,Mycobacterium tuberculosis CSU87 reistant to rifampicin, isoniazid, ethambutol, streptomycin and kanamycin"
"LPFFLLSLIPSAISAIKKI","Mycobacterium tuberculosis H37Rv,Mycobacterium tuberculosis MDR"
"LPQWLSANR ","Mycobacterium tuberculosis Rv"
"LRFILWWKR","Mycobacterium tuberculosis H37Rv, and the Mycobacterium tuberculosis lux strain ,Mycobacterium smegmatis mc26 "
"LRRWIRIRW","Mycobacterium tuberculosis H37Rv, and the Mycobacterium tuberculosis lux strain ,Mycobacterium smegmatis mc26 "
"LVRAYHAMS ","Mycobacterium tuberculosis Rv"
"LVYGDVIMR ","Mycobacterium tuberculosis Rv2957"
"(MDA)-P-(AHMOD)-(Aib)-(Aib)-I-V-(Aib)-(Aib)-(AMAE)","Mycobacterium smegmatis ,Mycobacterium bovis BCG,Mycobacterium tuberculosis H37Rv"
"(MDA)-P-(AHMOD)-(Aib)-(Aib)-V-V-(Aib)-(Aib)-(AMAE)","Mycobacterium smegmatis ,Mycobacterium bovis BCG,Mycobacterium tuberculosis H37Rv"
"(MDA)-P-(AMOD)-(Aib)-(Aib)-I-V-(Aib)-(Aib)-(AMAE)","Mycobacterium smegmatis ,Mycobacterium bovis BCG,Mycobacterium tuberculosis H37Rv"
"MEKKSFAGLCFLFLVLFVAQECVLQTEAKTCENLADTFRGPCFATGNCDDHCKNKEHLLRGRCRDDFRCWCTRNC","Mycobacterium phlei"
"(METH-Ala)-(D-Pip)-L-( D-Allo-ILE)-Pip-(D-Pip)","Mycobacterium tuberculosis H37Rv,Clinical isolate, X004439,Clinical isolate, X004244,Clinical isolate, X005282,Clinical isolate, X005319,Clinical isolate, X001354,Clinical isolate, X003899,Mycobacterium tuberculosis resistant to streptomycin (rSM, ATCC 35820),Mycobacterium tuberculosis resistant to rifampin (rRMP, ATCC 35838),Mycobacterium tuberculosis resistant to kanamycin (rKM, ATCC 35827),Mycobacterium tuberculosis resistant to isoniazid (rINH, ATCC 35822),Mycobacterium tuberculosis resistant to cycloserine (rCS, ATCC 35826),Mycobacterium tuberculosis resistant to moxifloxacin (rMOX),Mycobacterium tuberculosis resistant to capreomycin (rCAP)"
"(METH-Ala)-(D-Pip)-L-(D-VAL)-Pip-(D-Pip)","Mycobacterium tuberculosis H37Rv,Clinical isolate, X004439,Clinical isolate, X004244,Clinical isolate, X005282,Clinical isolate, X005319,Clinical isolate, X001354,Clinical isolate, X003899,Mycobacterium tuberculosis resistant to streptomycin (rSM, ATCC 35820),Mycobacterium tuberculosis resistant to rifampin (rRMP, ATCC 35838),Mycobacterium tuberculosis resistant to kanamycin (rKM, ATCC 35827),Mycobacterium tuberculosis resistant to isoniazid (rINH, ATCC 35822),Mycobacterium tuberculosis resistant to cycloserine (rCS, ATCC 35826),Mycobacterium tuberculosis resistant to moxifloxacin (rMOX),Mycobacterium tuberculosis resistant to capreomycin (rCAP)"
"MLGHAGDMA ","Mycobacterium tuberculosis Rv"
"MLLKKLLKK","Mycobacterium smegmatis (ATCC No. 14468) "
"MLLKKLLKKM","Mycobacterium smegmatis (ATCC No. 14468) ,Mycobacterium smegmatis (ATCC No. 14468) ,Mycobacterium smegmatis resistant agianst rifampicin,Mycobacterium smegmatis resistant agianst rifampicin,Mycobacterium bovis BCG lux ,Mycobacterium bovis BCG lux ,Mycobacterium tuberculosis H37Rv ,Mycobacterium tuberculosis H37Rv ,Mycobacterium tuberculosis CSU87 reistant to rifampicin, isoniazid, ethambutol, streptomycin and kanamycin,Mycobacterium smegmatis ATCC14468,Mycobacterium smegmatis ATCC14468"
"NDAACAAHCLFRGRSGG ","Mycobacterium smegmatis ATCC 610"
"NEDTVTQAASRVCDKMKILRGVCKKIMRTFLRRISKD","Mycobacterium tuberculosis H37Rv ATCC 25618,Mycobacterium tuberculosis H37Rv"
"NGKRVCVCR ","Mycobacterium smegmatis ATCC 615"
"(N,N-Me2-Val)-(Val)-(N-Me-allo-Ilu)-(Thr)-(N-Me-Thr)-(Val)-(N-Me-Leu)-(Val)-(N-Me-Val)-(N-Me-4-OMe-Trp)-(Val)-(Ph-threo-Ser)-(Val)","Mycobacterium tuberculosis strain H37Rv (ATCC 27294) ,Mycobacterium tuberculosis strain H37Rv (ATCC 27294) ,Mycobacterium tuberculosis strain H37Rv (ATCC 27294) ,Mycobacterium tuberculosis Erdman (ATCC 35801) ,Mycobacterium tuberculosis Erdman (ATCC 35801) ,Mycobacterium tuberculosis H37Rv strains with monoresistance to isoniazid (INH) (ATCC 35822) ,Mycobacterium tuberculosis H37Rv strains with monoresistance to rifampin (RMP) (ATCC 35838),Mycobacterium tuberculosis H37Rv strains with monoresistance to streptomycin (SM) (ATCC 35820), ,Mycobacterium tuberculosis H37Rv strains with monoresistance to cycloserine (CS) (ATCC 35826),Mycobacterium tuberculosis H37Rv strains with monoresistance to moxifloxacin (MFX),Mycobacterium tuberculosis H37Rv strains with monoresistance to capreomycin (CAP),Mycobacterium smegmatis (ATCC 700084) ,Mycobacterium chelonae (ATCC 35752) ,Mycobacterium marinum (ATCC 927) ,Mycobacterium abscessus (ATCC 19977) ,Mycobacterium avium (ATCC 15769) ,Mycobacterium kansasii (ATCC 12478) ,Mycobaterium tuberculosis MDR,Mycobaterium tuberculosis XDR,Single nucleotide polymorphism (SNP) clusters: X001354 corresponding to the Indo-Oceanic lineage,,Single nucleotide polymorphism (SNP) clusters: X004439 and X004244 to the East Asian lineage,Single nucleotide polymorphism (SNP) clusters: X005282 and X005319 to the Euro-American lineage,Single nucleotide polymorphism (SNP) clusters: X001354 to the East African Indian lineage,Mycobacterium Tuberculosis H37Rv resistant to streptomycin,Mycobacterium Tuberculosis H37Rv resistant to rifampicin,Mycobacterium Tuberculosis H37Rv resistant to cycloserine"
"not available","Mycobacterium tuberculosis H37Rv,Mycobacterium tuberculosis H37Rv,Mycobacterium vallÃ©e bovine,Mycobacterium R1Rv attenuated human,BCG-phipps attenuated bovine,Mycobacterium H37Ra avirlant Ra,Mycobacterium sigerson avium,Mycobacterium smegmatis Saprophyte,Mycobacterium tuberculii BCG-Phipps,Mycobacterium pneumoniae,Mycobacterium tuberculosis Rv,Mycobacterium tuberculosis Rv,Mycobacterium intracellulare,Mycobacterium intracellulare,Mycobacteria kansaii,Mycobacteria kansaii,Mycobacteria smegmatis ATCC 607,Mycobacteria smegmatis ATCC 25177,Mycobacteria smegmatis ATCC 25177,Mycobacteria smegmatis ATCC 35818,Mycobacteria smegmatis ATCC 35818,Mycobacteria smegmatis ATCC 25177,Mycobacteria smegmatis ATCC 25177,Mycobacteria smegmatis ATCC 35818,Mycobacteria smegmatis ATCC 35818,Mycobacterium tuberculosis H37 Ra,Mycobacteria kansasii CIT11/06 ,Mycobacterium avium subspecies paratuberculosis ATCC 19698,Mycobacterium tuberculosis H37 Ra,Mycobacteria kansasii CIT11/06 ,Mycobacterium avium subspecies paratuberculosis ATCC 19698,Mycobacterium tuberculosis H37Rv,Mycobacterium tuberculosis 2199,Mycobacterium tuberculosis H37Rv,Mycobacterium tuberculosis h37RV,Mycobacterium avium intercellularae,Mycobacterium tuberculosis H37Rv,Mycobacterium tuberculosis H37Rv,Mycobacterium tuberculosis H37Rv,Mycobacteria smegmatis (aerobic),Mycobacterium bovis BCG (aerobic),Mycobacterium tuberculosis H37Rv (aerobic),Mycobacteria smegmatis (hypoxic),Mycobacterium bovis BCG (hypoxic),Mycobacterium tuberculosis H37Rv (hypoxic),Mycobacteria smegmatis (aerobic),Mycobacterium bovis BCG (aerobic),Mycobacterium tuberculosis H37Rv (aerobic),Mycobacteria smegmatis (hypoxic),Mycobacterium bovis BCG (hypoxic),Mycobacterium tuberculosis H37Rv (hypoxic),Mycobacteria smegmatis (aerobic),Mycobacterium bovis BCG (aerobic),Mycobacterium tuberculosis H37Rv (aerobic),Mycobacteria smegmatis (hypoxic),Mycobacterium bovis BCG (hypoxic),Mycobacterium tuberculosis H37Rv (hypoxic),Mycobacterium smegmatis ATCC607,Mycobacteri"
"NVTSIHSLL","Mycobacterium tuberculosis"
"NWRKLYRRK","Mycobacterium tuberculosis H37Rv, and the Mycobacterium tuberculosis lux strain ,Mycobacterium smegmatis mc26 "
"ONNRPVYIPQPRPPHPRL","Mycobacterium vaccae,Mycobacterium vaccae"
"ONNRPVYIPRPRPPHPRI","Mycobacterium vaccae"
"ONNRPVYIPRPRPPHPRL","Mycobacterium vaccae,Mycobacterium vaccae"
"PK-(boroMet)","Mycobacterium tuberculosis H37Rv "
"PK-(boroMet) ","Mycobacterium tuberculosis H37Rv "
"PLLKKLLKKP","Mycobacterium smegmatis ATCC14468,Mycobacterium smegmatis ATCC14468"
"PRVIETKVHGREVTGLARNVSEENVDRLAKRWIK","Mycobacterium tuberculosis H37Rv strain (ATCC 27294 ,Mycobacterium tuberculosis H37Rv"
"PXXXIVXX","Mycobacterium smegmatis,Mycobacterium bovis BCG,Mycobacterium tuberculosis H37RV,Mycobacterium smegmatis M341,Mycobacterium bovis BCG,Mycobacterium tuberculosis H37RV"
"PXXXVVXX","Mycobacterium smegmatis M341,Mycobacterium bovis BCG,Mycobacterium tuberculosis H37RV"
"PYNLRYRVL ","Mycobacterium tuberculosis Rv2958 "
"QIMYNYPAM ","Mycobacterium tuberculosis Rv,Mycobacterium tuberculosis Rv"
"QRSVSNAATRVCRTGRSRW","Mycobacterium tuberculosis H37Rv"
"QTYKWETFL ","Mycobacterium tuberculosis Rv"
"RAGLQFPVGRVHRLLRK","Mycobacterium tuberculosis H37Rv (ATCC 27294)"
"RFGEPGGRE","Mycobacterium tuberculosis (strain H37Rv) "
"RGGRLCYCRRRFCVCVGR","Mycobacterium tuberculosis H37Rv (ATCC 25618),Mycobacterium tuberculosis E1380/94 MDR (Isoniazid, rifampicin, streptomycin, ethambutol) strain,Mycobacterium tuberculosis H37Rv,Mycobacterium tuberculosis H37Rv,Mycobacterium tuberculosis H37Rv,Mycobacterium tuberculosis H37Rv,Mycobacterium tuberculosis H37Rv,Mycobacterium tuberculosis H37Rv,Mycobacterium tuberculosis H37Rv,Mycobacterium tuberculosis H37Rv,Mycobacterium tuberculosis H37Rv,Mycobacterium tuberculosis H37Rv,Mycobacterium tuberculosis RM22,Mycobacterium tuberculosis RM23,Mycobacterium tuberculosis RM24,Mycobacterium tuberculosis RM25,Mycobacterium tuberculosis RM26,Mycobacterium tuberculosis RM22,Mycobacterium tuberculosis RM22,Mycobacterium tuberculosis RM22,Mycobacterium tuberculosis RM22,Mycobacterium tuberculosis RM22,Mycobacterium tuberculosis H37Rv,Mycobacterium tuberculosis RM22,Mycobacterium tuberculosis Ra 7632G,Mycobacterium tuberculosis Ra 9034G,Mycobacterium tuberculosis Ra 11170G,Mycobacterium tuberculosis H37 Ra,Mycobacterium tuberculosis H37 Ra"
"RIKRWWWWR","Mycobacterium tuberculosis H37Rv, and the Mycobacterium tuberculosis lux strain ,Mycobacterium smegmatis mc26 "
"RIRRWKFRW","Mycobacterium tuberculosis H37Rv, and the Mycobacterium tuberculosis lux strain ,Mycobacterium smegmatis mc26 "
"RIWVIWRR","Mycobacterium tuberculosis strain H37Rv"
"RKDVY","Mycobacterium smegmatis RIF-susceptible ,Mycobacterium smegmatis RIF-Resistance"
"RKDVYRRRRRR","Mycobacterium smegmatis RIF-susceptible ,Mycobacterium smegmatis RIF-Resistance"
"RKFRWWVIR","Mycobacterium tuberculosis H37Rv, and the Mycobacterium tuberculosis lux strain ,Mycobacterium smegmatis mc26 "
"RKSAKKIGKRAKR","Mycobacteria smegmatis mc2 155"
"RKSKEKIGKEFKRIVQR IKDFLRNLVPRTES ","M. smegmatis mc2 155"
"RKWKIKWYW","Mycobacterium tuberculosis H37Rv, and the Mycobacterium tuberculosis lux strain ,Mycobacterium smegmatis mc26 "
"RLGRLVSLHTLG","Mycobacterium smegmatis mc2156"
"RLKRWWKFL","Mycobacterium tuberculosis H37Rv, and the Mycobacterium tuberculosis lux strain ,Mycobacterium smegmatis mc26 "
"RLLKFIKKLL","Mycobacterium smegmatis mc2 160"
"RLRRIVVIRVFR","Mycobacterium tuberculosis H37Rv, and the Mycobacterium tuberculosis lux strain ,Mycobacterium smegmatis mc26 "
"RLSPEYYDLARAHLRDEEKSCPCLAQEGPQGDLLTKTQELGRDYRTCLTIVQKLKKMVDKPTQRSVSNAATRVCRTGRSRWRDVCRNFMRRYQSRVTQGLVAGETAQQICEDLRLCIPSTGPL","Mycobacterium tuberculosis,Mycobacterium tuberculosis"
"RLWRIVVIRVKR","Mycobacterium tuberculosis H37Rv, and the Mycobacterium tuberculosis lux strain ,Mycobacterium smegmatis mc26 "
"RLWWKIWLK","Mycobacterium tuberculosis H37Rv, and the Mycobacterium tuberculosis lux strain ,Mycobacterium smegmatis mc26 "
"RLWWWWRRK","Mycobacterium tuberculosis H37Rv, and the Mycobacterium tuberculosis lux strain ,Mycobacterium smegmatis mc26 "
"RMWELYLAY ","Mycobacterium tuberculosis Rv2958 "
"R-N(CH3)-CH(CH-CH3-CH3)-CO-N(CH-C-CH2-CH3-C-CH)-CO-N(CH3)-CH-C)-NH-CH(CH2-CH-CH3-CH3)-CO-N-CH-C-CH3_C-CH)-CONH-CH(CH2-CH2-CH-CH3-CH3)-Co-N-CH3-Ch-CH(CH3-CH3)-Co-N-(CH-C-Ch)-Co-N(CH3)-CH(CH2-CH-CH3-CH3)-CO-NH-CH2-CO-O-CH(CH3)","Mycobacterium tuberculosis H37Rv,Mycobacterium intracellulare,Mycobacterium kansasii,Mycobacterium tuberculosis H37Rv,Mycobacterium intracellulare,Mycobacterium kansasii,Mycobacterium tuberculosis H37Rv,Mycobacterium tuberculosis R-KM,Mycobacterium smegmatis ATCC 607"
"RPPQFTRAQWFAIQHISLMPPRCTIAMRAINNYRWRCKNQNTFLR","Mycobacterium tuberculosis H37Rv,Mycobacterium tuberculosis H37Rv,Mycobacterium vaccae"
"RPPQFTRAQWFAIQHISLNPPRCTIAMRAINNYRWRCKNQNTFLRTTFANVVNVCGNQSIRCPHNRTLNN","Mycobacterium vaccae strain (ATCC 15483) ,Mycobacterium vaccae strain (ATCC 15483) "
"RPPQFTRAQWFAIQHISLNPPRSTIAMRAINNYRWRSKNQNTFLR","Mycobacterium vaccae strain (ATCC 15483) ,Mycobacterium vaccae strain (ATCC 15483) "
"RQIKIWFQNRRMKWKK","Mycobacterium tuberculosis H37Rv (ATCC 27294)"
"RQRRVVIWW","Mycobacterium tuberculosis H37Rv, and the Mycobacterium tuberculosis lux strain ,Mycobacterium smegmatis mc26 "
"RRRIKIRWY","Mycobacterium tuberculosis H37Rv, and the Mycobacterium tuberculosis lux strain ,Mycobacterium smegmatis mc26 "
"RRRPRPPYLPRPRPPPFFPPRLPPRIPPGFPPRFPPRFP","Mycobacterium tuberculosis H37Rv (ATCC 25618),Mycobacterium tuberculosis H37Rv (ATCC 25618),Mycobacterium tuberculosis H37Rv (ATCC 25618),Mycobacterium tuberculosis E1380/94 MDR (Isoniazid, rifampicin, streptomycin, ethambutol) strain,Mycobacterium tuberculosis E1380/94 MDR (Isoniazid, rifampicin, streptomycin, ethambutol) strain,Mycobacterium tuberculosis P34/95 MDR (isoniazid and rifampicin) strain,Mycobacterium tuberculosis #894-D11 streptomycin resistant strain,BTB 98-492 drug suspectible swedish clinical isolate,Mycobacterium smegmatis (ATCC 19420),Mycobacterium tuberculosis H37Rv,Mycobacterium tuberculosis H37Rv,Mycobacterium tuberculosis H37Rv,Mycobacterium tuberculosis E1380/94 (MDR resistant stain),Mycobacterium smegmatis susceptible strain,Mycobacterium tuberculosis H37Rv,Mycobacterium tuberculosis E1380/94 (MDR resistant stain),Mycobacterium avium  susceptible strain"
"RRRRRR","Mycobacterium smegmatis RIF-susceptible ,Mycobacterium smegmatis RIF-Resistance"
"RRRRRRRKDVY","Mycobacterium smegmatis RIF-susceptible ,Mycobacterium smegmatis RIF-Resistance,Mycobacterium smegmatis RIF-Resistance"
"RRRWWKLMM","Mycobacterium tuberculosis H37Rv, and the Mycobacterium tuberculosis lux strain ,Mycobacterium smegmatis mc26 "
"RRWKIVVIRWRR","Mycobacterium tuberculosis H37Rv, and the Mycobacterium tuberculosis lux strain ,Mycobacterium smegmatis mc26 "
"RRWRIVVIRVRR","Mycobacterium tuberculosis strain H37Rv"
"RRWRVIVKW","Mycobacterium tuberculosis H37Rv, and the Mycobacterium tuberculosis lux strain ,Mycobacterium smegmatis mc26 "
"RRWWKWWWR","Mycobacterium tuberculosis H37Rv, and the Mycobacterium tuberculosis lux strain ,Mycobacterium smegmatis mc26 "
"RRWWRWVVW","Mycobacterium tuberculosis H37Rv, and the Mycobacterium tuberculosis lux strain ,Mycobacterium smegmatis mc26 "
"RRYHWRIYI","Mycobacterium tuberculosis H37Rv, and the Mycobacterium tuberculosis lux strain ,Mycobacterium smegmatis mc26 "
"RSGGYCNGKRVCVCR ","Mycobacterium smegmatis ATCC 611"
"RTISEAGQAM","Mycobacterium tuberculosis"
"RTKKWIVWI","Mycobacterium tuberculosis H37Rv, and the Mycobacterium tuberculosis lux strain ,Mycobacterium smegmatis mc26 "
"RWRRKWWWW","Mycobacterium tuberculosis H37Rv, and the Mycobacterium tuberculosis lux strain ,Mycobacterium smegmatis mc26 "
"RWRWWWRVY","Mycobacterium tuberculosis H37Rv, and the Mycobacterium tuberculosis lux strain ,Mycobacterium smegmatis mc26 "
"RWWIRIRWH","Mycobacterium tuberculosis H37Rv, and the Mycobacterium tuberculosis lux strain ,Mycobacterium smegmatis mc26 "
"RWWRKIWKW","Mycobacterium tuberculosis H37Rv, and the Mycobacterium tuberculosis lux strain ,Mycobacterium smegmatis mc26 "
"RWWRWRKWW","Mycobacterium tuberculosis H37Rv, and the Mycobacterium tuberculosis lux strain ,Mycobacterium smegmatis mc26 "
"RWYYGNGVGGVGGAAVCGLAGYVGEAKENIAGEVRKGWGMAGGFTHNKACKSFPGSGWASG","Mycobacterium tuberculosis strain H37Rv "
"R-(zDhb)-PVLALVAAVAATSAAY","Mycobacterium smegmatis ATCC14468,Mycobacterium smegmatis ATCC14468,Mycobacterium smegmatis ATCC14468,Mycobacterium smegmatis ATCC14468"
"R-(zDhb)-PVVAAVVAVAASAAY","Mycobacterium smegmatis ATCC14468,Mycobacterium smegmatis ATCC14468,Mycobacterium smegmatis ATCC14468,Mycobacterium smegmatis ATCC14468"
"SALHLVLRLRGG","Mycobacterium smegmatis mc2158"
"SARLAGIPY ","Mycobacterium tuberculosis Rv2958 "
"SEAYQGVQQ","Mycobacterium tuberculosis"
"SEAYQGVQQK","Mycobacterium tuberculosis"
"SEFAYGSFVRTVSLPV","None,Mycobacterium tuberculosis H37Rv ATCC 27294,Mycobacterium tuberculosis H37Rv ATCC 27294"
"SEFAYGSFVRTVSLPVGADE","None,None"
"SGSEAYQGVQQKWDA","Mycobacterium tuberculosis"
"SIIIPTLNV ","Mycobacterium tuberculosis Rv2958 "
"STAHLVLRLRGG","Mycobacterium smegmatis mc2159"
"STLALVLRLRGG","Mycobacterium smegmatis mc2160"
"STLHAVLRLRGG","Mycobacterium smegmatis mc2161"
"STLHLALRLRGG","Mycobacterium smegmatis mc2162"
"STLHLVARLRGG","Mycobacterium smegmatis mc2163"
"STLHLVLALRGG","Mycobacterium smegmatis mc2164"
"STLHLVLRARGG","Mycobacterium smegmatis mc2165"
"STLHLVLRLAGG","Mycobacterium smegmatis mc2166"
"STLHLVLRLRAG","Mycobacterium smegmatis mc2167"
"STLHLVLRLRGA","Mycobacterium smegmatis mc2168"
"STLHLVLRLRGG","M. smegmatis mc2 155,M. smegmatis mc2 155,M. smegmatis mc2 155,M. smegmatis mc2 155,Mycobacterium tuberculosis H37Rv,Mycobacterium smegmatis mc2155"
"SVFPQQTTGQLAELQPQDRAGARASWMPMFQRRRRR","Mycobacterium tuberculosis H37Rv"
"TATELNNAL","Mycobacterium tuberculosis"
"TGMAALEQYLGSGHAVIVSI","Mycobacterium tuberculosis H37Rv "
"TGRSRWRDVSRNFMRRYQSRVIQGLVAGETAQQIS","Mycobacterium tuberculosis,Mycobacterium tuberculosis"
"Thi-GF-Tic-Oic-GK-Tic-Oic-GF-Tic-Oic-GK-Tic-KKKK","Mycobacterium ranae"
"TKPKGTKPKGTKPKGTKPKG","Mycobacterium tuberculosis H37Rv (ATCC 27294)"
"TQRSVSNAATRVCRTGRSRWRDVCRNFMRRYQSRVTQG","Mycobacterium tuberculosis H37Rv ATCC 25623"
"TRVSRTGRSRWRDVSRNFMR","Mycobacterium tuberculosis,Mycobacterium tuberculosis"
"TTKNYGNGVCNSVNWCQCGNVWASCNLATGCAAWLCKLA","Mycobacterium tuberculosis strain H37Rv ,Mycobacterium tuberculosis strain H37Rv ,Mycobacterium tuberculosis H37Rv,Mycobacterium tuberculosis H37Rv"
"VCDKMKILRGVCKKIMRSFLRR","Mycobacterium tuberculosis H37Rv"
"VCDKMKILRGVCKKIMRTFLRR","Mycobacterium tuberculosis H37Rv ATCC 25620"
"VCEHIHLIRGLCHHLMHSYIKR","Mycobacterium tuberculosis H37Rv"
"VCRTGRSRWRDVCRNFMRRYQSR","Mycobacterium tuberculosis H37Rv ATCC 25621,Mycobacterium tuberculosis H37Rv (ATCC 27294)"
"VCRTGRSRWRDVNRNFMRRYQSR","Mycobacterium tuberculosis H37Rv"
"VEPIPY","Mycobacterium bovis BCG"
"VLAGSVDEL ","Mycobacterium tuberculosis Rv0447"
"VPAESEAAHLRVRRGFGCPLNQGACHNHCRSIRRRGGYCSGIIKQTCTCYRN","Mycobacterium bovis (carbenicillin-resistant strain)"
"VQLRIRVAVIRA ","Mycobacterium tuberculosis H37Rv"
"VQRWLIVWRIRK ","Mycobacterium tuberculosis H37Rv"
"VRLIVAVRIWRR ","Mycobacterium tuberculosis H37Rv"
"VRLRIRVRVIRK","Mycobacterium tuberculosis H37Rv, and the Mycobacterium tuberculosis lux strain ,Mycobacterium smegmatis mc26 "
"VSNAATRVCRTGRSRWRDVCRNFMRRYQSR","Mycobacterium tuberculosis H37Rv ATCC 25622"
"VTCDILSVEAKGVKL ","Mycobacterium smegmatis ATCC 607"
"VTQAASRVCDKMKILRGVCKKIMRTFLRR","Mycobacterium tuberculosis H37Rv ATCC 25619"
"WAlVNx","Mycobacterium tuberculosis H37Rv"
"W-(boroMet) ","Mycobacterium tuberculosis H37Rv ,Mycobacterium smegmatis strain constitutively expressing GFP-ssrA "
"WFKMRWWGR","Mycobacterium tuberculosis H37Rv, and the Mycobacterium tuberculosis lux strain ,Mycobacterium smegmatis mc26 "
"WGAQLNAMK ","Mycobacterium tuberculosis Rv"
"WK-(boroMet) ","Mycobacterium tuberculosis H37Rv "
"WKIVFWWRR","Mycobacterium tuberculosis H37Rv, and the Mycobacterium tuberculosis lux strain ,Mycobacterium smegmatis mc26 "
"WKWLKKWIK","Mycobacterium tuberculosis H37Rv, and the Mycobacterium tuberculosis lux strain ,Mycobacterium smegmatis mc26 "
"WKWLKKWIK ","Mycobacterium tuberculosis H37Rv"
"WKWRVRVTI","Mycobacterium tuberculosis H37Rv, and the Mycobacterium tuberculosis lux strain ,Mycobacterium smegmatis mc26 "
"WLaVNx","Mycobacterium tuberculosis H37Rv"
"WLL-allo-ING","Mycobacterium bovis BCG"
"WLlANx","Mycobacterium tuberculosis H37Rv"
"WLlIIx","Mycobacterium tuberculosis H37Rv"
"WLlINr","Mycobacterium tuberculosis H37Rv"
"WLlINx","Mycobacterium tuberculosis H37Rv"
"WLlISx","Mycobacterium tuberculosis H37Rv"
"WLlIXx","Mycobacterium tuberculosis H37Rv"
"WLLKKLLKKW","Mycobacterium smegmatis ATCC14468,Mycobacterium smegmatis ATCC14468"
"WLlMNx","Mycobacterium tuberculosis H37Rv"
"WLlVAx","Mycobacterium tuberculosis H37Rv"
"WLLVNG","Mycobacterium bovis BCG"
"WLlVxx","Mycobacterium tuberculosis H37Rv"
"WLV-allo-ING","Mycobacterium bovis BCG"
"WPD","Mycobacterium tuberculosis"
"WPE","Mycobacterium tuberculosis"
"WPS","Mycobacterium tuberculosis"
"WPT","Mycobacterium tuberculosis"
"WPW","Mycobacterium tuberculosis"
"WPY","Mycobacterium tuberculosis"
"WRKFWKYLK","Mycobacterium tuberculosis H37Rv, and the Mycobacterium tuberculosis lux strain ,Mycobacterium smegmatis mc26 "
"WRSLGRTLLRLSHALKPLARRSGW","Mycobacterium smegmatis mc2155,Mycobacterium bovis BCG Pasteur (ATCC35734)"
"WYD","Mycobacterium tuberculosis"
"WYE","Mycobacterium tuberculosis"
"WYP","Mycobacterium tuberculosis"
"WYS","Mycobacterium tuberculosis"
"WYT","Mycobacterium tuberculosis"
"WYW","Mycobacterium tuberculosis"
"WYY","Mycobacterium tuberculosis"
"WYYQSGLSI ","Mycobacterium tuberculosis Rv"
"xLlVNx","Mycobacterium tuberculosis H37Rv"
"YCNGKRVCVC ","Mycobacterium smegmatis ATCC 612"
"YCNGKRVCVCR ","Mycobacterium smegmatis ATCC 613"
"YGRKKRRQRRR","Mycobacterium tuberculosis H37Rv (ATCC 27294)"
"YKFRWRIYI","Mycobacterium tuberculosis H37Rv, and the Mycobacterium tuberculosis lux strain ,Mycobacterium smegmatis mc26 "
"YKQCHKKGGKKGSG","Mycobacterium tuberculosis H37Rv (ATCC 27294)"
"YLLDGLRAQ ","Mycobacterium tuberculosis Rv"
"YPD","Mycobacterium tuberculosis"
"YPE","Mycobacterium tuberculosis"
"YPHHFKHRHIPI","Mycobacterium tuberculosis"
"YPHHFKHRHIPIGGGS","Mycobacterium tuberculosis"
"YPS","Mycobacterium tuberculosis"
"YPT","Mycobacterium tuberculosis"
"YRLRVKWKW","Mycobacterium tuberculosis H37Rv, and the Mycobacterium tuberculosis lux strain ,Mycobacterium smegmatis mc26 "
"Î²Ala-Fpa-Tic-Oic-Î²Ala-Dpr-Tic-Oic-Î²Ala-Fpa-Tic-Oic-Î²Ala-Dpr-Tic-Dpr-Dpr-Dpr-Dpr","Mycobacterium ranae (ATCC 110)"
"Î²Ala-Fpa-Tic-Oic-Î²Ala-Dpr-Tic-Oic-Î²Ala-Fpa-Tic-Oic-Î²Ala-Dpr-Tic-Dpr-Dpr-Dpr-Dpr-","Mycobacterium ranae"
"Î²Ala-Fpa-Tic-Oic-Î²Ala-K-Tic-Oic-Î²Ala-Fpa-Tic-Oic-Î²Ala-K-Tic-Dpr-Dpr-Dpr-Dpr","Mycobacterium ranae"
"Î²Ala-F-Tic-Oic-Î²Ala-K-Tic-Oic-Î²Ala-F-Tic-Oic-Î²Ala-K-Tic-KKKK","Mycobacterium ranae,Mycobacterium ranae (ATCC 110)"
"",""
